name,source,expected_exit,baseline_exit,advanced_exit,baseline_us,advanced_us,slowdown_x,guest_instructions,baseline_cycles,advanced_cycles,advanced_ipc,advanced_cpi,advanced_overlap_gain,advanced_branch_accuracy_pct,advanced_branch_predictions,advanced_flushes,advanced_speculative_squashes,advanced_rob_avg,advanced_rob_peak,advanced_inflight_avg,advanced_inflight_peak,advanced_ooo_completions,advanced_renames,advanced_issue_stalls,advanced_load_store_order_stalls
add-longlong,add-longlong.c,0,0,0,223,2890,12.959641255605382,5663,5663,6451,0.8778,1.1391,4.7248,89.3805,339,36,840,16.9575,24,17.965,24,1893,4832,669,3481
add,add.c,0,0,0,161,1752,10.881987577639752,4399,4399,5233,0.8406,1.1896,4.5181,89.0785,293,32,514,18.7237,24,19.7491,24,1621,3615,722,3699
bit,bit.c,0,0,0,38,412,10.842105263157896,783,783,1075,0.7284,1.3729,3.9535,18.1818,44,36,518,9.3916,18,10.3907,19,138,757,247,502
bubble-sort,bubble-sort.c,0,0,0,561,5441,9.698752228163993,13212,13212,15444,0.8555,1.1689,4.5903,85.3909,972,142,2697,14.9168,24,15.9428,25,3109,12449,1796,6907
crc32,crc32.c,0,0,0,2299,15433,6.712918660287081,36873,36873,51136,0.7211,1.3868,3.9465,72.8112,4660,1267,23639,10.2635,24,11.2804,24,9877,32993,11662,33166
div,div.c,0,0,0,240,2154,8.975,4840,4840,6278,0.7709,1.2971,4.3635,90.9326,386,35,855,19.3011,24,20.177,25,2039,4318,1241,6966
dummy,dummy.c,0,0,0,4,14,3.5,18,18,27,0.6667,1.5,3.4815,0.0,2,2,6,2.7037,4,3.6667,5,3,14,3,0
fact,fact.c,0,0,0,93,924,9.935483870967742,2306,2306,2877,0.8015,1.2476,4.3664,83.9858,281,45,708,13.1568,24,14.1078,24,680,1991,415,2380
fib,fib.c,0,0,0,145,1004,6.924137931034482,2289,2289,2480,0.923,1.0834,4.9121,94.1176,119,7,82,20.9875,24,21.9593,24,677,1966,170,1049
goldbach,goldbach.c,0,0,0,179,3272,18.279329608938546,4867,4867,8534,0.5703,1.7534,3.4016,80.5293,1058,206,2759,13.5373,23,14.7771,25,1951,4118,3174,16130
hello-str,hello-str.c,0,0,0,130,900,6.923076923076923,1793,1793,2913,0.6155,1.6247,3.4974,76.9565,230,53,1039,12.8579,24,14.0196,24,203,1561,1013,3059
if-else,if-else.c,0,0,0,62,683,11.016129032258064,941,941,1137,0.8276,1.2083,4.4248,82.7273,110,19,283,12.1196,24,13.1055,24,291,806,123,594
leap-year,leap-year.c,0,0,0,238,2912,12.235294117647058,6815,6815,9191,0.7415,1.3486,4.0917,95.1579,950,46,1171,20.3486,24,21.1764,24,3512,5649,1965,9936
load-store,load-store.c,0,0,0,83,610,7.349397590361446,1219,1219,1406,0.867,1.1534,4.6159,82.7586,87,15,222,16.0363,23,17.0747,25,316,1069,150,472
matrix-mul,matrix-mul.c,0,0,0,4294,24379,5.677456916627853,65166,65166,72416,0.8999,1.1113,4.7733,80.0608,1645,328,5461,18.59,24,19.6219,24,13465,63052,6489,14645
max,max.c,0,0,0,181,2312,12.773480662983426,4491,4491,5413,0.8297,1.2053,4.4646,86.0963,374,52,1046,15.2924,24,16.31,24,1488,3837,735,3478
mersenne,mersenne.c,0,0,0,23530,242393,10.301444963875904,434629,434629,570643,0.7616,1.3129,4.2202,75.5682,42154,10299,69792,19.8291,24,20.893,25,152929,320209,130360,912743
min3,min3.c,0,0,0,372,2647,7.115591397849462,5603,5603,6797,0.8243,1.2131,4.4459,80.3313,483,95,1735,12.7911,24,13.7983,24,1601,5010,906,3422
mov-c,mov-c.c,0,0,0,18,88,4.888888888888889,211,211,262,0.8053,1.2417,4.271,37.5,16,10,79,4.8015,9,5.7977,10,38,187,34,21
movsx,movsx.c,0,0,0,18,142,7.888888888888889,338,338,407,0.8305,1.2041,4.398,41.6667,24,14,109,5.4496,11,6.4472,12,66,298,49,42
mul-longlong,mul-longlong.c,0,0,0,51,810,15.882352941176471,1135,1135,1422,0.7982,1.2529,4.3523,67.2131,61,20,349,14.0949,24,15.1442,24,258,1009,237,563
pascal,pascal.c,0,0,0,775,5552,7.163870967741936,12289,12289,16612,0.7398,1.3518,4.0804,93.2432,592,40,1146,19.1524,24,20.3704,24,2684,10148,4152,30536
prime,prime.c,0,0,0,622,8752,14.070739549839228,14504,14504,29907,0.485,2.062,3.1482,98.8321,3853,45,1035,19.6992,23,21.1947,25,7636,9584,15251,98685
quick-sort,quick-sort.c,0,0,0,332,3990,12.018072289156626,8811,8811,13318,0.6616,1.5115,3.6861,83.5317,1008,166,4004,13.8693,24,15.0281,24,1048,7999,4188,15288
recursion,recursion.c,0,0,0,300,3517,11.723333333333333,8642,8642,9381,0.9212,1.0855,4.9818,89.364,912,97,1213,11.4018,24,12.3991,24,2929,7129,531,1528
select-sort,select-sort.c,0,0,0,353,4210,11.926345609065155,10280,10280,12219,0.8413,1.1886,4.5288,89.3595,968,103,2369,16.5187,24,17.4806,24,3299,9515,1484,7199
shift,shift.c,0,0,0,110,467,4.245454545454545,1019,1019,1189,0.857,1.1668,4.5711,84.4156,77,12,171,16.5071,24,17.5542,24,265,887,140,441
shuixianhua,shuixianhua.c,0,0,0,1788,13620,7.617449664429531,29370,29370,53027,0.5539,1.8055,3.4042,66.3905,3621,1217,5079,22.9482,24,23.6185,25,12427,23834,23606,135264
string,string.c,0,0,0,136,1883,13.845588235294118,3476,3476,5809,0.5984,1.6712,3.3923,91.828,465,38,612,15.2668,19,16.6106,20,83,2683,2276,8543
sub-longlong,sub-longlong.c,0,0,0,212,2544,12.0,5661,5661,6485,0.8729,1.1456,4.6985,87.0206,339,44,1045,15.4814,24,16.4862,24,1816,4912,690,3148
sum,sum.c,0,0,0,58,413,7.120689655172414,1050,1050,1577,0.6658,1.5019,3.7197,94.2857,105,6,63,18.2873,20,19.5948,22,207,755,513,3649
switch,switch.c,0,0,0,43,694,16.13953488372093,1042,1042,1265,0.8237,1.214,4.4016,88.3871,155,18,326,12.1138,24,13.0972,24,296,862,149,701
to-lower-case,to-lower-case.c,0,0,0,411,2700,6.569343065693431,6846,6846,7889,0.8678,1.1524,4.6238,98.3075,709,12,188,22.0507,24,22.9575,25,2667,5298,996,8050
unalign,unalign.c,0,0,0,23,163,7.086956521739131,221,221,266,0.8308,1.2036,4.4098,60.0,15,6,60,10.1992,24,11.1917,24,79,192,22,86
wanshu,wanshu.c,0,0,0,363,5286,14.561983471074381,5334,5334,11259,0.4738,2.1108,3.0281,90.038,1315,131,4076,16.2896,24,17.6041,25,2283,4911,5262,27379
